{"cameraMode":{"drawMode":0,"name":"Shaded","section":"Shading Mode"},"sceneLighting":false,"audioPlay":false,"sceneViewState":{"m_AlwaysRefresh":false,"showFog":true,"showSkybox":false,"showFlares":true,"showImageEffects":true,"showParticleSystems":true,"showVisualEffectGraphs":true,"m_FxEnabled":true},"in2DMode":false,"pivot":{"x":0.20124053955078126,"y":-0.18747878074645997,"z":-0.17184925079345704},"rotation":{"x":-0.046364232897758487,"y":-0.8759189248085022,"z":0.0859484151005745,"w":-0.4725162088871002},"size":3.323115587234497,"orthographic":false}