{"cameraMode":{"drawMode":0,"name":"Shaded","section":"Shading Mode"},"sceneLighting":true,"audioPlay":false,"sceneViewState":{"m_AlwaysRefresh":false,"showFog":true,"showSkybox":true,"showFlares":true,"showImageEffects":true,"showParticleSystems":true,"showVisualEffectGraphs":true,"m_FxEnabled":true},"in2DMode":false,"pivot":{"x":615.4486083984375,"y":346.287841796875,"z":165.2335205078125},"rotation":{"x":-0.12151560932397843,"y":0.00004008684845757671,"z":-0.000020009281797683798,"w":-0.9926473498344421},"size":420.8467712402344,"orthographic":false}