{"cameraMode":{"drawMode":0,"name":"Shaded","section":"Shading Mode"},"sceneLighting":false,"audioPlay":false,"sceneViewState":{"m_AlwaysRefresh":false,"showFog":true,"showSkybox":false,"showFlares":true,"showImageEffects":true,"showParticleSystems":true,"showVisualEffectGraphs":true,"m_FxEnabled":true},"in2DMode":false,"pivot":{"x":-0.6375367641448975,"y":0.0519489049911499,"z":-0.39434170722961428},"rotation":{"x":-0.10866010189056397,"y":0.6300135850906372,"z":-0.08961424976587296,"w":-0.7637601494789124},"size":1.7417103052139283,"orthographic":false}